<?xml version="1.0" encoding="UTF-8" ?>
<!DOCTYPE struts PUBLIC
"-//Apache Software Foundation//DTD Struts Configuration 2.0//EN"
"http://struts.apache.org/dtds/struts-2.0.dtd">
<struts>
	<constant name="struts.multipart.maxSize" value="1000000" />
	<package name="default" extends="struts-default">


		<action name="showChat" class="com.action.GroupChatAction" method="showChat">
			<result name="success">/GroupChat.jsp</result>
		</action>	
		<action name="submitAnswer" class="com.action.GroupChatAction" method="submitAnswer">
			<result name="success" type="redirectAction">showChat</result>
		</action>	

		<action name="showSpeakingTest" class="com.action.LoginAction" method="showSpeakingResultList">
			<result name="success">/showSpeakingVedioChat.jsp</result>
		</action>		


		<action name="forgotPassword" class="com.action.LoginAction" method="forgotPassword">
			<result name="success">/forgotPassword.jsp</result>
		</action>
		<action name="login" class="com.action.LoginAction" method="Login">
			<result name="success">/index.jsp</result>
			<result name="Error">/login.jsp</result>
		</action>
		<action name="logout" class="com.action.LoginAction" method="logout">
			<result name="success">/login.jsp</result>
		</action>	

		<action name="contactDetailList" class="com.action.ContactUsAction" method="contactDetailList">
			<result name="success">/contactDetailList.jsp</result>
		</action>		
		<action name="contactUsDetailReplay" class="com.action.ContactUsAction" method="getContactDetailList">
			<result name="success">/contactDetail.jsp</result>
		</action>		
		<action name="saveContactUsDetailReplay" class="com.action.ContactUsAction" method="saveContactUsDetailReplay">
			<result name="success" type="redirectAction">contactDetailList</result>
		</action>		
			<action name="contactUsDetailDelete" class="com.action.ContactUsAction" method="deletecontact">
			<result name="success" type="redirectAction">contactDetailList</result>
		</action>
		
		<action name="listVocabulary" class="com.action.VocabularyMaterialAction" method="listVocabulary">
			<result name="success">/vocabularyList.jsp</result>
		</action>
		<action name="addVocabulary" class="com.action.VocabularyMaterialAction" method="addVocabulary">
			<result name="success">/AddVocabulary.jsp</result>
		</action>
		<action name="saveVocabularyMaterial" class="com.action.VocabularyMaterialAction" method="saveVocabularyMaterial">
			<result name="success" type="redirectAction">listVocabulary</result>
		</action>
		<action name="vocabularyMaterialDelete" class="com.action.VocabularyMaterialAction" method="vocabularyMaterialDelete">
			<result name="success" type="redirectAction">listVocabulary</result>
		</action>
		<action name="vocabularyMaterialEdit" class="com.action.VocabularyMaterialAction" method="vocabularyMaterialEdit">
			<result name="success">/AddVocabulary.jsp</result>
		</action>
		
		
		
		<action name="listVocabularyCategory" class="com.action.VocabularyCategoryAction" method="getVocabularyCategoryList">
			<result name="success">/AddVocabularyCategory.jsp</result>
		</action>
		<action name="saveVocabularyCategory" class="com.action.VocabularyCategoryAction" method="saveVocabularyCategory">
			<result name="success" type="redirectAction">listVocabularyCategory</result>
		</action>
		<action name="vocabularyCategoryDelete" class="com.action.VocabularyCategoryAction" method="daleteVocabularyCategory">
			<result name="success" type="redirectAction">listVocabularyCategory</result>
		</action>



		<action name="staffList" class="com.action.UserListAction" method="staffList">
			<result name="success">/staffList.jsp</result>
		</action>
		
		

		
		
		<action name="facultyList" class="com.action.UserListAction" method="facultyList">
			<result name="success">/facultyList.jsp</result>
		</action>
		
		
		<action name="studentList" class="com.action.UserListAction" method="studentList">
			<result name="success">/studentList.jsp</result>
		</action>
		
		<action name="StudentDelete" class="com.action.addstudentAction" method="delete">
			<result name="delete">/studentList.jsp</result>
		</action>
		
		<action name="StudentEdit" class="com.action.addstudentAction" method="edit">
			<result name="edit">/AddStudent.jsp</result>
		</action>


		<action name="addStaff" class="com.action.AddUserAction" method="addStaff">
			<result name="success">/AddStaff.jsp</result>
		</action>
		<action name="addFaculty" class="com.action.AddUserAction" method="addFaculty">
			<result name="success">/AddFaculty.jsp</result>
		</action>
		<action name="addStudent" class="com.action.AddUserAction" method="addStudent">
			<result name="success">/AddStudent.jsp</result>
		</action>
		
		<action name="staffDelete" class="com.action.AddUserAction" method="staffDelete">
			<result name="success" type="redirectAction">staffList</result>
		</action>


		<action name="saveStaffRegistration" class="com.action.AddUserAction" method="saveStaffRegistration">
			<result name="success">/AddStaff.jsp</result>
		</action>
		<action name="saveFacultyRegistration" class="com.action.AddUserAction" method="saveFacultyRegistration">
			<result name="success">/AddFaculty.jsp</result>
		</action>
		<action name="saveStudentRegistration" class="com.action.AddUserAction" method="saveStudentRegistration">
			<result name="success">/AddStudent.jsp</result>
		</action>





		<action name="listVocabularyTest" class="com.action.VocabularyTestAction" method="listVocabularyTest">
			<result name="success">/vocabularyTestList.jsp</result>
		</action>
		<action name="listVocabularyMaterial" class="com.action.VocabularyTestAction" method="listVocabularyMaterial">
			<result name="success">/VocabularyTest.jsp</result>
		</action>
		<action name="saveVocabularyTest" class="com.action.VocabularyTestAction" method="saveVocabularyTest">
			<result name="success" type="redirectAction">listVocabularyTest</result>
		</action>
		<action name="vocabularyTestDelete" class="com.action.VocabularyTestAction" method="vocabularyTestDelete">
			<result name="success" type="redirectAction">listVocabularyTest</result>
		</action>
		<action name="vocabularyTestEdit" class="com.action.VocabularyTestAction" method="vocabularyTestEdit">
			<result name="success">/VocabularyTest.jsp</result>
		</action>
		
		

		<action name="showWrittingList" class="com.action.MaterialTestAction" method="showWrittingList">
			<result name="success">/MaterialWritting.jsp</result>
		</action>
		<action name="saveWrittingPessage" class="com.action.MaterialTestAction" method="saveWrittingPessage">
			<result name="success" type="redirectAction">showWrittingList</result>
		</action>

		<action name="checkWrittenPessage" class="com.action.MaterialTestAction" method="checkWrittenPessage">
			<result name="success">writtenTestList.jsp</result>
		</action>
		<action name="showWritingExam" class="com.action.MaterialTestAction" method="showWritingExam">
			<result name="success">ShowWrittenTest.jsp</result>
		</action>
		<action name="submitWrittenTestMarks" class="com.action.MaterialTestAction" method="submitWrittenTestMarks">
			<result name="success">index.jsp</result>
		</action>

		<action name="showSpeakingList" class="com.action.MaterialTestAction" method="showSpeakingList">
			<result name="success">/MaterialSpeaking.jsp</result>
		</action>
		<action name="saveSpeakingPessage" class="com.action.MaterialTestAction" method="saveSpeakingPessage">
			<result name="success" type="redirectAction">showSpeakingList</result>
		</action>
		
		



		<action name="paragraphTest" class="com.action.ReadingPessageAction" method="paragraphTest">
			<result name="success">ParagraphTest.jsp</result>
		</action>
		<action name="saveParagraphTest" class="com.action.ReadingPessageAction" method="saveParagraphTest">
			<result name="success" type="redirectAction">paragraphTest</result>
		</action>
		<action name="deleteParagraphTest" class="com.action.ReadingPessageAction" method="deleteParagraphAction">
			<result name="success" type="redirectAction">paragraphTest</result>
		</action>
		
		
		<action name="readingPessage" class="com.action.ReadingPessageAction" method="readingPessage">
			<result name="success">ReadingPessage.jsp</result>
		</action>
		<action name="saveReadingPessage" class="com.action.ReadingPessageAction" method="saveReadingPessage">
			<result name="success" type="redirectAction">readingPessage</result>
		</action>
		<action name="deleteReadingPessage" class="com.action.ReadingPessageAction" method="deleteReadingPessage">
			<result name="success" type="redirectAction">readingPessage</result>
		</action>


		<action name="readingPessageExam" class="com.action.ReadingPessageAction" method="readingPessageExam">
			<result name="success">ReadingPessageExam.jsp</result>
		</action>
		<action name="saveReadingPessageExam" class="com.action.ReadingPessageAction" method="saveReadingPessageExam">
			<result name="success" type="redirectAction">readingPessageExam</result>
		</action>
		<action name="deleteReadingPessageExam" class="com.action.ReadingPessageAction" method="deleteReadingPessageExam">
			<result name="success" type="redirectAction">readingPessageExam</result>
		</action>
		<action name="listeningTopic" class="com.action.ListeningTopicAction" method="listeningTopic">
			<result name="success">/listeningTopic.jsp</result>
		</action>
		<action name="submitListeningTopic" class="com.action.ListeningTopicAction" method="saveListeningTopic">
			<result name="success" type="redirectAction">listeningTopic</result>
			
		</action>
		
		<action name="deleteListeningTopic" class="com.action.ListeningTopicAction" method="deleteListeningTopic">
			<result name="success" type="redirectAction">listeningTopic</result>
		</action>
		<action name="speakingTopicExam" class="com.action.ListeningTopicAction" method="speakingTopicExam">
			<result name="success">ListeningTopicExam.jsp</result>
		</action>
		<action name="saveListeningExam" class="com.action.ListeningTopicAction" method="saveListeningExam">
			<result name="success" type="redirectAction">speakingTopicExam</result>
		</action>
		<action name="deleteListeningExam" class="com.action.ListeningTopicAction" method="deleteListeningExam">
			<result name="success" type="redirectAction">speakingTopicExam</result>
		</action>
		
		
		<action name="showSpeakingSlotList" class="com.action.ListeningTopicAction" method="showSpeakingSlotList">
			<result name="success">/SpeakingExamList.jsp</result>
		</action>
		<action name="speakingScoreSubmit" class="com.action.ListeningTopicAction" method="speakingScoreSubmit">
			<result name="success">/index.jsp</result>
		</action>

		<action name="myprofile" class="com.action.ContactUsAction" method="myprofile">
			<result name="success">/MyProfile.jsp</result>
		</action>
		<action name="updateMyProfile" class="com.action.ContactUsAction" method="updateMyProfile">
			<result name="success">/index.jsp</result>
		</action>

		<action name="dashboard" class="com.action.LoginAction" method="dashboard">
			<result name="success">/index.jsp</result>
		</action>



	</package>
</struts>  